Player,Rating,Season
Eden Hazard,7.93,17-18
David Silva,7.91,17-18
Kevin De Bruyne,7.89,17-18
Paul Pogba,7.83,17-18
Sergio Agüero,7.79,17-18
Mohamed Salah,7.76,17-18
Leroy Sané,7.72,17-18
Raheem Sterling,7.70,17-18
Mesut Özil,7.61,17-18
Harry Kane,7.54,17-18
Fernandinho,7.53,17-18
Alexis Sánchez,7.51,17-18
Sadio Mané,7.50,17-18
Christian Eriksen,7.41,17-18
Fabian Delph,7.40,17-18
Emre Can,7.38,17-18
Ben Davies,7.36,17-18
N'Golo Kanté,7.36,17-18
Jan Vertonghen,7.36,17-18
Kyle Walker,7.35,17-18
Aaron Ramsey,7.34,17-18
Cesc Fàbregas,7.32,17-18
Willian,7.31,17-18
Wilfried Zaha,7.26,17-18
Nemanja Matic,7.23,17-18
Kieran Trippier,7.22,17-18
Riyad Mahrez,7.22,17-18
Virgil van Dijk,7.22,17-18
Joseph Gomez,7.22,17-18
Nicolás Otamendi,7.21,17-18
Ruben Loftus-Cheek,7.20,17-18
Danilo,7.19,17-18
César Azpilicueta,7.19,17-18
Shkodran Mustafi,7.19,17-18
Marcos Alonso,7.17,17-18
Ashley Young,7.17,17-18
Romelu Lukaku,7.17,17-18
Manuel Lanzini,7.17,17-18
Gabriel Jesus,7.16,17-18
Chris Smalling,7.16,17-18
Granit Xhaka,7.15,17-18
Andros Townsend,7.14,17-18
Harry Maguire,7.14,17-18
Andrew Robertson,7.14,17-18
Jordan Henderson,7.12,17-18
Antonio Valencia,7.11,17-18
James Tarkowski,7.11,17-18
James Tomkins,7.10,17-18
Bernardo Silva,7.10,17-18
Roberto Firmino,7.09,17-18
Juan Mata,7.08,17-18
Dele Alli,7.07,17-18
Marko Arnautovic,7.07,17-18
Wilfred Ndidi,7.06,17-18
Kurt Zouma,7.05,17-18
Phil Jones,7.05,17-18
Alex Iwobi,7.04,17-18
Heung-Min Son,7.04,17-18
Dejan Lovren,7.03,17-18
Idrissa Gana Gueye,7.03,17-18
Nacho Monreal,7.02,17-18
Arthur Masuaku,7.02,17-18
Luka Milivojevic,7.02,17-18
Alexandre Lacazette,7.02,17-18
Henrikh Mkhitaryan,7.02,17-18
Kiko,7.01,17-18
Christopher Schindler,7.00,17-18
Jesse Lingard,7.00,17-18
Alex Oxlade-Chamberlain,7.00,17-18
Ilkay Gündogan,7.00,17-18
Jamaal Lascelles,6.99,17-18
Laurent Koscielny,6.99,17-18
Eric Dier,6.98,17-18
Jack Wilshere,6.98,17-18
Abdoulaye Doucouré,6.98,17-18
Sead Kolasinac,6.98,17-18
Stephen Ward,6.97,17-18
Johann Berg Gudmundsson,6.97,17-18
Jamie Vardy,6.97,17-18
Álvaro Morata,6.97,17-18
Wesley Hoedt,6.96,17-18
Joel Matip,6.96,17-18
Xherdan Shaqiri,6.96,17-18
Victor Moses,6.95,17-18
Mario Lemina,6.95,17-18
Mousa Dembélé,6.94,17-18
Chris Brunt,6.94,17-18
Ben Mee,6.93,17-18
Ryan Shawcross,6.92,17-18
Georginio Wijnaldum,6.91,17-18
James Milner,6.91,17-18
Florian Lejeune,6.90,17-18
Tiemoué Bakayoko,6.89,17-18
Shane Duffy,6.88,17-18
Davinson Sánchez,6.88,17-18
Oriol Romeu,6.88,17-18
Marc Albrighton,6.88,17-18
Matthew Lowton,6.87,17-18
Ryan Fraser,6.86,17-18
Anthony Knockaert,6.84,17-18
Junior Stanislas,6.84,17-18
Leighton Baines,6.84,17-18
Cuco Martina,6.83,17-18
Nick Pope,6.83,17-18
Patrick van Aanholt,6.83,17-18
Andreas Christensen,6.83,17-18
Lewis Cook,6.83,17-18
Gylfi Sigurdsson,6.83,17-18
Simon Francis,6.82,17-18
Mark Noble,6.81,17-18
Steven Defour,6.81,17-18
Joe Allen,6.81,17-18
Aaron Mooy,6.80,17-18
Jonjo Shelvey,6.79,17-18
Pedro Rodriguez,6.78,17-18
Antonio Rüdiger,6.78,17-18
Gary Cahill,6.78,17-18
Mikel Merino,6.78,17-18
Adam Smith,6.77,17-18
Hector Bellerin,6.77,17-18
Eric Maxim Choupo-Moting,6.77,17-18
Mike van der Hoorn,6.77,17-18
Anthony Martial,6.77,17-18
Kyle Naughton,6.76,17-18
Marcus Rashford,6.76,17-18
Ederson Moraes,6.76,17-18
Dale Stephens,6.75,17-18
Mamadou Sakho,6.74,17-18
Pascal Gross,6.74,17-18
Craig Dawson,6.74,17-18
Joel Ward,6.74,17-18
Yohan Cabaye,6.73,17-18
Jonjoe Kenny,6.73,17-18
Maya Yoshida,6.73,17-18
Jack Cork,6.72,17-18
Leroy Fer,6.72,17-18
Tom Cleverley,6.72,17-18
Christian Kabasele,6.72,17-18
Jack Stephens,6.72,17-18
Pedro Obiang,6.72,17-18
Ben Chilwell,6.72,17-18
Charlie Daniels,6.72,17-18
Pablo Zabaleta,6.72,17-18
Dusan Tadic,6.71,17-18
Christian Fuchs,6.71,17-18
Davy Pröpper,6.71,17-18
Jose Izquierdo,6.71,17-18
Lewis Dunk,6.71,17-18
Andrew Surman,6.70,17-18
Nathan Aké,6.70,17-18
Daryl Janmaat,6.69,17-18
Ryan Bertrand,6.69,17-18
Matt Ritchie,6.69,17-18
DeAndre Yedlin,6.69,17-18
Jonathan Hogg,6.68,17-18
Cheikhou Kouyaté,6.68,17-18
Loris Karius,6.68,17-18
Mohamed Diamé,6.68,17-18
Michael Keane,6.68,17-18
Ander Herrera,6.68,17-18
Ahmed Hegazy,6.68,17-18
Jose Holebas,6.67,17-18
Michail Antonio,6.67,17-18
Alfie Mawson,6.67,17-18
Phil Jagielka,6.67,17-18
James McArthur,6.67,17-18
Nathan Redmond,6.66,17-18
Aaron Cresswell,6.66,17-18
Richarlison,6.66,17-18
Bruno Saltor,6.65,17-18
André Carrillo,6.64,17-18
Steve Cook,6.64,17-18
David De Gea,6.64,17-18
Étienne Capoue,6.63,17-18
Moussa Sissoko,6.63,17-18
Federico Fernández,6.62,17-18
Christian Benteke,6.62,17-18
Mame Biram Diouf,6.62,17-18
Timothy Fosu-Mensah,6.61,17-18
Sung-Yueng Ki,6.61,17-18
Tom Carroll,6.60,17-18
Grzegorz Krychowiak,6.60,17-18
Ciaran Clark,6.60,17-18
Joshua King,6.60,17-18
Jonny Evans,6.58,17-18
Ayoze Pérez,6.58,17-18
Hugo Lloris,6.58,17-18
Peter Crouch,6.58,17-18
Javier Hernández,6.58,17-18
Kieran Gibbs,6.57,17-18
Mathias Jørgensen,6.57,17-18
Pierre-Emile Højbjerg,6.57,17-18
Olivier Giroud,6.57,17-18
Jeffrey Schlupp,6.56,17-18
Darren Fletcher,6.56,17-18
Geoff Cameron,6.55,17-18
Steven Davis,6.55,17-18
Erik Lamela,6.55,17-18
Tommy Smith,6.55,17-18
Gaëtan Bong,6.55,17-18
Sam Clucas,6.55,17-18
Erik Pieters,6.54,17-18
Chris Wood,6.54,17-18
Morgan Schneiderlin,6.54,17-18
James Ward-Prowse,6.53,17-18
Wayne Rooney,6.52,17-18
Jordon Ibe,6.52,17-18
Dan Gosling,6.52,17-18
Jordan Ayew,6.52,17-18
Sofiane Boufal,6.51,17-18
Jake Livermore,6.50,17-18
Joselu,6.49,17-18
Ashley Williams,6.49,17-18
Demarai Gray,6.49,17-18
Adrian,6.48,17-18
Matthew Phillips,6.48,17-18
Chris Löwe,6.48,17-18
Danny Welbeck,6.48,17-18
Florent Hadergjonaj,6.47,17-18
Ramadan Sobhi,6.47,17-18
Allan Nyom,6.47,17-18
Angelo Ogbonna,6.46,17-18
Cédric Soares,6.46,17-18
Andy King,6.46,17-18
Thibaut Courtois,6.45,17-18
Wes Morgan,6.45,17-18
Gareth Barry,6.45,17-18
Rajiv van La Parra,6.44,17-18
Roberto Pereyra,6.43,17-18
Lukasz Fabianski,6.43,17-18
Baye Oumar Niasse,6.43,17-18
Wayne Hennessey,6.42,17-18
Thomas Ince,6.41,17-18
Solly March,6.41,17-18
Glenn Murray,6.40,17-18
Shinji Okazaki,6.40,17-18
Javier Manquillo,6.39,17-18
Kasper Schmeichel,6.39,17-18
Sebastian Prödl,6.38,17-18
Dwight Gayle,6.38,17-18
Dominic Calvert-Lewin,6.37,17-18
Adrian Mariappa,6.37,17-18
Steve Mounie,6.36,17-18
Petr Cech,6.35,17-18
Jeff Hendrick,6.35,17-18
Martin Olsson,6.34,17-18
Charlie Austin,6.34,17-18
Simon Mignolet,6.34,17-18
Jack Butland,6.33,17-18
Danny Simpson,6.33,17-18
Declan Rice,6.32,17-18
Jay Rodriguez,6.32,17-18
Kelechi Iheanacho,6.31,17-18
Elias Kachunga,6.30,17-18
Callum Wilson,6.30,17-18
Isaac Hayden,6.29,17-18
Sam Vokes,6.29,17-18
Collin Quaner,6.29,17-18
André Ayew,6.28,17-18
Jordan Pickford,6.27,17-18
Mathew Ryan,6.26,17-18
Aaron Lennon,6.26,17-18
Tom Davies,6.26,17-18
José Salomon Rondon,6.25,17-18
Shane Long,6.23,17-18
Christian Atsu,6.22,17-18
Jonas Lössl,6.22,17-18
Ben Foster,6.21,17-18
Jacob Murphy,6.19,17-18
Laurent Depoitre,6.18,17-18
Andre Gray,6.17,17-18
Heurelho Gomes,6.16,17-18
Jermain Defoe,6.16,17-18
James McClean,6.16,17-18
Troy Deeney,6.14,17-18
Tammy Abraham,6.11,17-18
Ashley Barnes,6.10,17-18
Nathan Dyer,6.09,17-18
Manolo Gabbiadini,6.09,17-18
Asmir Begovic,6.08,17-18
Fraser Forster,6.05,17-18
Joe Hart,5.74,17-18
Eden Hazard,7.94,18-19
Sergio Agüero,7.56,18-19
Sadio Mané,7.54,18-19
Virgil van Dijk,7.52,18-19
Raheem Sterling,7.50,18-19
Trent Alexander-Arnold,7.49,18-19
David Silva,7.48,18-19
Fernandinho,7.43,18-19
Paul Pogba,7.41,18-19
Andrew Robertson,7.41,18-19
Mohamed Salah,7.37,18-19
Bernardo Silva,7.35,18-19
Luka Milivojevic,7.35,18-19
Marcos Alonso,7.34,18-19
James Maddison,7.32,18-19
Leroy Sané,7.32,18-19
Ilkay Gündogan,7.30,18-19
Christian Eriksen,7.30,18-19
Aymeric Laporte,7.27,18-19
Kyle Walker,7.26,18-19
Harry Kane,7.26,18-19
Aaron Wan-Bissaka,7.25,18-19
Ricardo Pereira,7.25,18-19
Willian,7.24,18-19
Lucas Digne,7.23,18-19
Felipe Anderson,7.23,18-19
Gylfi Sigurdsson,7.21,18-19
Fabian Schär,7.21,18-19
Danny Rose,7.20,18-19
Ryan Fraser,7.18,18-19
Pierre-Emerick Aubameyang,7.18,18-19
Étienne Capoue,7.17,18-19
Idrissa Gana Gueye,7.15,18-19
Wilfred Ndidi,7.14,18-19
James Milner,7.13,18-19
César Azpilicueta,7.12,18-19
Willy Boly,7.11,18-19
Riyad Mahrez,7.11,18-19
Matt Doherty,7.11,18-19
Roberto Firmino,7.09,18-19
Harry Maguire,7.09,18-19
Kieran Trippier,7.09,18-19
Granit Xhaka,7.07,18-19
John Stones,7.07,18-19
Jorginho,7.06,18-19
Pedro Rodriguez,7.06,18-19
Fabinho,7.05,18-19
Nacho Monreal,7.05,18-19
Luke Shaw,7.04,18-19
David Luiz,7.04,18-19
Shkodran Mustafi,7.03,18-19
Jannik Vestergaard,7.02,18-19
Jan Vertonghen,7.02,18-19
Joao Moutinho,7.02,18-19
Ander Herrera,7.02,18-19
N'Golo Kanté,7.01,18-19
Marcus Rashford,6.99,18-19
Anthony Martial,6.98,18-19
Dele Alli,6.98,18-19
Heung-Min Son,6.97,18-19
Alexandre Lacazette,6.96,18-19
Ben Chilwell,6.96,18-19
Isaac Hayden,6.96,18-19
Georginio Wijnaldum,6.96,18-19
Henrikh Mkhitaryan,6.95,18-19
Lucas Moura,6.95,18-19
Philip Billing,6.94,18-19
Andros Townsend,6.93,18-19
Abdoulaye Doucouré,6.93,18-19
Ashley Westwood,6.93,18-19
Raul Jiménez,6.92,18-19
Wilfried Zaha,6.92,18-19
Dwight McNeil,6.91,18-19
Matt Ritchie,6.91,18-19
Michael Keane,6.91,18-19
Mateo Kovacic,6.90,18-19
Jordan Henderson,6.90,18-19
Shane Duffy,6.90,18-19
Pierre-Emile Højbjerg,6.90,18-19
Declan Rice,6.89,18-19
Jose Holebas,6.88,18-19
Callum Wilson,6.88,18-19
Jamie Vardy,6.88,18-19
Ashley Young,6.87,18-19
Jefferson Lerma,6.86,18-19
Ruben Neves,6.86,18-19
Marko Arnautovic,6.86,18-19
Mesut Özil,6.86,18-19
Bernardo,6.86,18-19
Jonny,6.86,18-19
Souleymane Bamba,6.84,18-19
Seamus Coleman,6.84,18-19
Ruben Loftus-Cheek,6.82,18-19
Danny Ings,6.82,18-19
Xherdan Shaqiri,6.82,18-19
Nathan Redmond,6.81,18-19
Mario Lemina,6.81,18-19
David Brooks,6.81,18-19
Nemanja Matic,6.81,18-19
Jonny Evans,6.80,18-19
Moussa Sissoko,6.80,18-19
Wes Morgan,6.80,18-19
James Tarkowski,6.79,18-19
Ben Davies,6.78,18-19
Patrick van Aanholt,6.78,18-19
Jan Bednarek,6.78,18-19
Issa Diop,6.77,18-19
James McArthur,6.77,18-19
Arthur Masuaku,6.77,18-19
Kurt Zouma,6.76,18-19
Lucas Torreira,6.76,18-19
Juan Mata,6.76,18-19
Toby Alderweireld,6.76,18-19
James Ward-Prowse,6.75,18-19
Fabian Balbuena,6.75,18-19
Alisson Becker,6.75,18-19
Naby Keita,6.75,18-19
Robert Snodgrass,6.75,18-19
Diogo Jota,6.74,18-19
Aaron Ramsey,6.74,18-19
Sokratis Papastathopoulos,6.74,18-19
Erik Lamela,6.74,18-19
Aaron Cresswell,6.74,18-19
Mark Noble,6.74,18-19
Ross Barkley,6.73,18-19
Davinson Sánchez,6.73,18-19
Victor Camarasa,6.72,18-19
Steve Cook,6.72,18-19
Romelu Lukaku,6.71,18-19
Ryan Bennett,6.71,18-19
Antonio Rüdiger,6.71,18-19
Oriol Romeu,6.70,18-19
Joseph Bennett,6.70,18-19
Davy Pröpper,6.70,18-19
Sead Kolasinac,6.70,18-19
Victor Nilsson Lindelöf,6.69,18-19
Will Hughes,6.69,18-19
Pascal Gross,6.69,18-19
Hugo Lloris,6.69,18-19
Mamadou Sakho,6.68,18-19
Angelo Ogbonna,6.68,18-19
Harry Winks,6.68,18-19
Gabriel Jesus,6.68,18-19
Ederson Moraes,6.67,18-19
Ayoze Pérez,6.67,18-19
Troy Deeney,6.67,18-19
Hector Bellerin,6.67,18-19
Jesse Lingard,6.67,18-19
Johann Berg Gudmundsson,6.67,18-19
Nathaniel Mendez-Laing,6.66,18-19
Jamaal Lascelles,6.66,18-19
Gerard Deulofeu,6.66,18-19
Tom Cairney,6.66,18-19
Stuart Armstrong,6.65,18-19
Paul Dummett,6.65,18-19
Adam Smith,6.65,18-19
Sean Morrison,6.65,18-19
Eric Dier,6.64,18-19
Ryan Bertrand,6.64,18-19
Marc Albrighton,6.62,18-19
Dan Gosling,6.62,18-19
Michail Antonio,6.62,18-19
Calum Chambers,6.62,18-19
Aleksandar Mitrovic,6.62,18-19
Dale Stephens,6.62,18-19
Richarlison,6.61,18-19
Aaron Mooy,6.61,18-19
Joshua King,6.61,18-19
Pablo Zabaleta,6.61,18-19
Matteo Guendouzi,6.61,18-19
Mathias Jørgensen,6.60,18-19
Bernard,6.60,18-19
Nathan Aké,6.60,18-19
Jack Cork,6.58,18-19
Anthony Knockaert,6.58,18-19
Jack Stephens,6.57,18-19
Chris Smalling,6.57,18-19
James Tomkins,6.57,18-19
Martin Montoya,6.57,18-19
Solly March,6.57,18-19
Javier Hernández,6.57,18-19
Roberto Pereyra,6.57,18-19
Alex Iwobi,6.56,18-19
Andre Schürrle,6.56,18-19
Aron Gunnarsson,6.54,18-19
Demarai Gray,6.54,18-19
Christian Kabasele,6.54,18-19
Adama Traoré,6.54,18-19
Yves Bissouma,6.54,18-19
Lewis Dunk,6.53,18-19
Harry Arter,6.53,18-19
Olivier Giroud,6.53,18-19
Jean Michael Seri,6.52,18-19
Charlie Taylor,6.52,18-19
Jonathan Hogg,6.52,18-19
Ben Mee,6.52,18-19
Theo Walcott,6.51,18-19
Kiko,6.50,18-19
Terence Kongolo,6.49,18-19
Jeffrey Schlupp,6.49,18-19
Phil Bardsley,6.48,18-19
Juninho Bacuna,6.47,18-19
DeAndre Yedlin,6.47,18-19
José Salomon Rondon,6.47,18-19
Max Meyer,6.47,18-19
Lukasz Fabianski,6.47,18-19
Kenedy,6.47,18-19
Cheikhou Kouyaté,6.46,18-19
Yan Valery,6.45,18-19
Joe Ralls,6.45,18-19
Federico Fernández,6.44,18-19
Vicente Guaita,6.44,18-19
Craig Cathcart,6.44,18-19
Joe Bryan,6.43,18-19
Andre-Frank Zambo Anguissa,6.43,18-19
Bobby Reid,6.43,18-19
Junior Stanislas,6.41,18-19
Cyrus Christie,6.41,18-19
Callum Paterson,6.40,18-19
Maxime Le Marchand,6.40,18-19
Ben Foster,6.40,18-19
Bruno Ecuele Manga,6.40,18-19
Nampalys Mendy,6.40,18-19
Mohamed Diamé,6.40,18-19
Pedro Obiang,6.39,18-19
Florent Hadergjonaj,6.39,18-19
Chris Wood,6.39,18-19
Josh Murphy,6.39,18-19
Alex Pritchard,6.38,18-19
Conor Coady,6.38,18-19
Adrian Mariappa,6.38,18-19
Matthew Lowton,6.37,18-19
Kepa Arrizabalaga,6.36,18-19
Ashley Barnes,6.36,18-19
Denis Odoi,6.36,18-19
Steve Mounie,6.36,18-19
Charlie Daniels,6.35,18-19
Martin Dubravka,6.35,18-19
Lee Peltier,6.34,18-19
Glenn Murray,6.34,18-19
Tom Heaton,6.34,18-19
Ryan Sessegnon,6.33,18-19
André Gomes,6.28,18-19
Isaac Success,6.26,18-19
Jordan Pickford,6.26,18-19
Junior Hoilett,6.25,18-19
Dominic Calvert-Lewin,6.24,18-19
Christopher Schindler,6.24,18-19
Neil Etheridge,6.24,18-19
Cenk Tosun,6.24,18-19
Chris Löwe,6.22,18-19
Andre Gray,6.21,18-19
Christian Atsu,6.20,18-19
Shane Long,6.19,18-19
Jeff Hendrick,6.18,18-19
Hélder Costa,6.17,18-19
Kasper Schmeichel,6.16,18-19
Bernd Leno,6.16,18-19
Rui Patricio,6.12,18-19
Erik Durm,6.10,18-19
Jürgen Locadia,6.07,18-19
David De Gea,6.07,18-19
Gaëtan Bong,6.06,18-19
Kelechi Iheanacho,6.04,18-19
Charlie Austin,6.03,18-19
Joe Hart,6.01,18-19
Isaac Mbenza,5.99,18-19
Alex McCarthy,5.99,18-19
Tim Ream,5.99,18-19
Alireza Jahanbakhsh,5.97,18-19
Mathew Ryan,5.93,18-19
Sergio Rico,5.91,18-19
Jonas Lössl,5.89,18-19
Asmir Begovic,5.69,18-19
Florin Andone,5.62,18-19
Kevin De Bruyne,7.97,19-20
Sadio Mané,7.57,19-20
Mohamed Salah,7.51,19-20
David Silva,7.48,19-20
Marcus Rashford,7.44,19-20
Willian,7.43,19-20
Trent Alexander-Arnold,7.41,19-20
Raheem Sterling,7.38,19-20
Jordan Henderson,7.36,19-20
Andrew Robertson,7.35,19-20
Riyad Mahrez,7.34,19-20
Ricardo Pereira,7.34,19-20
James Maddison,7.33,19-20
Jack Grealish,7.31,19-20
Virgil van Dijk,7.27,19-20
Aaron Wan-Bissaka,7.20,19-20
Jamie Vardy,7.20,19-20
Adama Traoré,7.19,19-20
Harry Kane,7.19,19-20
Bernardo Silva,7.18,19-20
Anthony Martial,7.18,19-20
Sergio Agüero,7.16,19-20
Roberto Firmino,7.13,19-20
Gabriel Jesus,7.11,19-20
Raul Jiménez,7.11,19-20
Jonjo Shelvey,7.10,19-20
Willy Boly,7.10,19-20
Rodri,7.09,19-20
James Ward-Prowse,7.09,19-20
Heung-Min Son,7.09,19-20
César Azpilicueta,7.08,19-20
Harry Maguire,7.06,19-20
Mateo Kovacic,7.05,19-20
Fabinho,7.04,19-20
Wilfred Ndidi,7.04,19-20
Pierre-Emerick Aubameyang,7.03,19-20
Allan Saint-Maximin,7.03,19-20
Joao Moutinho,7.00,19-20
Matt Doherty,6.99,19-20
Serge Aurier,6.99,19-20
Caglar Söyüncü,6.98,19-20
Lucas Digne,6.97,19-20
Luke Shaw,6.97,19-20
Chris Basham,6.96,19-20
Nemanja Matic,6.96,19-20
Richarlison,6.95,19-20
Scott McTominay,6.95,19-20
Youri Tielemans,6.95,19-20
Felipe Anderson,6.94,19-20
Joseph Gomez,6.94,19-20
Pierre-Emile Højbjerg,6.93,19-20
Jorginho,6.93,19-20
Ben Chilwell,6.92,19-20
Ashley Westwood,6.92,19-20
Nicolas Pépé,6.92,19-20
John McGinn,6.92,19-20
Kyle Walker,6.91,19-20
John Fleck,6.91,19-20
Oliver Norwood,6.90,19-20
Jan Vertonghen,6.89,19-20
James Tarkowski,6.89,19-20
Ruben Neves,6.89,19-20
Georginio Wijnaldum,6.88,19-20
Romain Saiss,6.88,19-20
Declan Rice,6.88,19-20
Phil Bardsley,6.88,19-20
Nathan Redmond,6.86,19-20
Jetro Willems,6.86,19-20
Ilkay Gündogan,6.86,19-20
Michail Antonio,6.86,19-20
Jonny Evans,6.86,19-20
Reece James,6.86,19-20
Mason Mount,6.85,19-20
Danny Ings,6.85,19-20
Dele Alli,6.85,19-20
Diego Rico,6.84,19-20
Christian Pulisic,6.84,19-20
Fernandinho,6.84,19-20
Jack O'Connell,6.84,19-20
Hugo Lloris,6.83,19-20
George Baldock,6.81,19-20
Enda Stevens,6.81,19-20
Fred,6.80,19-20
Benjamin Mendy,6.79,19-20
Djibril Sidibé,6.79,19-20
Ross Barkley,6.79,19-20
Tammy Abraham,6.79,19-20
Daniel Ceballos,6.79,19-20
Miguel Almiron,6.78,19-20
Jonny,6.77,19-20
Moussa Sissoko,6.77,19-20
Harvey Barnes,6.77,19-20
John Egan,6.77,19-20
Granit Xhaka,6.77,19-20
Étienne Capoue,6.76,19-20
Mark Noble,6.76,19-20
Dwight McNeil,6.75,19-20
Harry Winks,6.75,19-20
Gerard Deulofeu,6.74,19-20
Emiliano Buendia,6.74,19-20
Nick Pope,6.74,19-20
Mason Greenwood,6.74,19-20
Robert Snodgrass,6.73,19-20
Lucas Moura,6.73,19-20
John Lundstram,6.73,19-20
Conor Hourihane,6.73,19-20
Alexandre Lacazette,6.72,19-20
Daniel Burn,6.72,19-20
Davy Pröpper,6.72,19-20
Patrick van Aanholt,6.72,19-20
Charlie Taylor,6.71,19-20
Kurt Zouma,6.71,19-20
Dean Henderson,6.70,19-20
Lewis Dunk,6.70,19-20
Bernd Leno,6.69,19-20
Cédric Soares,6.69,19-20
Nicolás Otamendi,6.68,19-20
Victor Nilsson Lindelöf,6.68,19-20
Matteo Guendouzi,6.68,19-20
Joel Ward,6.67,19-20
N'Golo Kanté,6.67,19-20
Toby Alderweireld,6.67,19-20
Jefferson Lerma,6.66,19-20
Dominic Calvert-Lewin,6.66,19-20
Sokratis Papastathopoulos,6.66,19-20
Alex Oxlade-Chamberlain,6.65,19-20
Abdoulaye Doucouré,6.65,19-20
Ryan Fredericks,6.65,19-20
Isaac Hayden,6.65,19-20
Ayoze Pérez,6.64,19-20
Antonio Rüdiger,6.64,19-20
Jan Bednarek,6.64,19-20
Dale Stephens,6.64,19-20
Philip Billing,6.64,19-20
Adam Webster,6.64,19-20
Oriol Romeu,6.63,19-20
Stuart Armstrong,6.63,19-20
Giovani Lo Celso,6.62,19-20
Mason Holgate,6.62,19-20
Daniel James,6.62,19-20
Ainsley Maitland-Niles,6.62,19-20
Luka Milivojevic,6.61,19-20
Yves Bissouma,6.61,19-20
Tanguy Ndombélé,6.61,19-20
Pascal Gross,6.61,19-20
Andreas Christensen,6.60,19-20
Seamus Coleman,6.59,19-20
Will Hughes,6.59,19-20
Lucas Torreira,6.59,19-20
Alisson Becker,6.59,19-20
Aaron Mooy,6.59,19-20
Ryan Fraser,6.59,19-20
Gylfi Sigurdsson,6.58,19-20
Bukayo Saka,6.58,19-20
Sead Kolasinac,6.58,19-20
Yerry Mina,6.58,19-20
Leander Dendoncker,6.58,19-20
Douglas Luiz,6.57,19-20
James McArthur,6.57,19-20
Diogo Jota,6.57,19-20
Frédéric Guilbert,6.57,19-20
Alex McCarthy,6.57,19-20
Manuel Lanzini,6.57,19-20
Martin Kelly,6.56,19-20
Matt Targett,6.56,19-20
Todd Cantwell,6.56,19-20
Christian Kabasele,6.56,19-20
Javier Manquillo,6.56,19-20
Davinson Sánchez,6.55,19-20
Ben Mee,6.55,19-20
Cheikhou Kouyaté,6.55,19-20
David McGoldrick,6.55,19-20
Sebastien Haller,6.55,19-20
Federico Fernández,6.54,19-20
Ederson Moraes,6.54,19-20
Jeff Hendrick,6.54,19-20
Wilfried Zaha,6.54,19-20
Jack Stephens,6.53,19-20
Andriy Yarmolenko,6.52,19-20
Michael Keane,6.52,19-20
Gary Cahill,6.52,19-20
Callum Hudson-Odoi,6.51,19-20
Marc Albrighton,6.51,19-20
Martin Dubravka,6.51,19-20
Nathan Aké,6.51,19-20
Chris Wood,6.51,19-20
Joshua King,6.50,19-20
Angelo Ogbonna,6.50,19-20
Christian Eriksen,6.49,19-20
Anwar El-Ghazi,6.49,19-20
Aaron Ramsdale,6.49,19-20
Erik Pieters,6.48,19-20
Conor Coady,6.48,19-20
Oliver McBurnie,6.48,19-20
Ryan Bertrand,6.48,19-20
Kelechi Iheanacho,6.48,19-20
Troy Deeney,6.48,19-20
Trezeguet,6.47,19-20
Christian Benteke,6.47,19-20
Kasper Schmeichel,6.47,19-20
David Luiz,6.46,19-20
Issa Diop,6.46,19-20
Kiko,6.46,19-20
Leandro Trossard,6.46,19-20
Tom Davies,6.46,19-20
Aaron Cresswell,6.45,19-20
Martin Montoya,6.45,19-20
Theo Walcott,6.45,19-20
Che Adams,6.45,19-20
Harry Wilson,6.44,19-20
Craig Dawson,6.44,19-20
Alex Iwobi,6.44,19-20
Jordan Ayew,6.44,19-20
Vicente Guaita,6.44,19-20
Adam Smith,6.44,19-20
Teemu Pukki,6.43,19-20
Fabian Schär,6.43,19-20
Wesley,6.43,19-20
David De Gea,6.43,19-20
Adam Masina,6.42,19-20
Erik Lamela,6.42,19-20
Bernard,6.42,19-20
Ismaila Sarr,6.42,19-20
Shane Long,6.41,19-20
Danny Rose,6.41,19-20
Tyrone Mings,6.41,19-20
Ashley Barnes,6.41,19-20
Rui Patricio,6.40,19-20
Steve Cook,6.40,19-20
James McCarthy,6.39,19-20
Jack Cork,6.39,19-20
Pedro Neto,6.38,19-20
Jamaal Lascelles,6.37,19-20
Craig Cathcart,6.37,19-20
Jack Stacey,6.37,19-20
Andreas Pereira,6.36,19-20
Lukasz Fabianski,6.35,19-20
Neal Maupay,6.35,19-20
Pablo Fornals,6.34,19-20
Kenny McLean,6.34,19-20
Alexander Tettey,6.33,19-20
Ezri Konsa,6.33,19-20
Ben Foster,6.31,19-20
Joseph Willock,6.30,19-20
Dennis Praet,6.30,19-20
Andros Townsend,6.30,19-20
Mathew Ryan,6.28,19-20
Marvelous Nakamba,6.27,19-20
Onel Hernández,6.26,19-20
Sean Longstaff,6.25,19-20
Jay Rodriguez,6.23,19-20
Jesse Lingard,6.23,19-20
Joelinton,6.23,19-20
Roberto Pereyra,6.23,19-20
Aaron Connolly,6.22,19-20
Dan Gosling,6.21,19-20
Tim Krul,6.21,19-20
Lys Mousset,6.21,19-20
Callum Wilson,6.20,19-20
Tom Heaton,6.19,19-20
Jordan Pickford,6.17,19-20
Kepa Arrizabalaga,6.17,19-20
Jamal Lewis,6.15,19-20
Lewis Cook,6.14,19-20
Max Aarons,6.11,19-20
Billy Sharp,6.08,19-20
Ben Godfrey,6.06,19-20
Moise Kean,6.03,19-20
Adrian Mariappa,6.01,19-20
Marco Stiepermann,5.93,19-20
Dominic Solanke,5.89,19-20
Kevin De Bruyne,7.81,20-21
Bruno Fernandes,7.72,20-21
Ilkay Gündogan,7.71,20-21
Harry Kane,7.68,20-21
Jack Grealish,7.67,20-21
Rodri,7.47,20-21
Mason Mount,7.43,20-21
Riyad Mahrez,7.43,20-21
Joao Cancelo,7.41,20-21
Phil Foden,7.40,20-21
Sadio Mané,7.40,20-21
Raphinha,7.39,20-21
Wilfred Ndidi,7.38,20-21
James Ward-Prowse,7.37,20-21
Heung-Min Son,7.33,20-21
Youri Tielemans,7.32,20-21
Thiago Alcántara,7.29,20-21
Mohamed Salah,7.29,20-21
Raheem Sterling,7.29,20-21
Trent Alexander-Arnold,7.27,20-21
Marcus Rashford,7.26,20-21
Aaron Wan-Bissaka,7.26,20-21
Jamie Vardy,7.25,20-21
James Rodriguez,7.24,20-21
James Maddison,7.24,20-21
Andrew Robertson,7.21,20-21
Bernardo Silva,7.21,20-21
Luke Shaw,7.21,20-21
Antonio Rüdiger,7.20,20-21
John Stones,7.20,20-21
Ben Chilwell,7.19,20-21
Scott McTominay,7.19,20-21
Jorginho,7.18,20-21
Roberto Firmino,7.16,20-21
Tomas Soucek,7.15,20-21
Gabriel Jesus,7.14,20-21
Dominic Calvert-Lewin,7.13,20-21
James Justin,7.12,20-21
Michail Antonio,7.11,20-21
Paul Pogba,7.11,20-21
Pedro Neto,7.11,20-21
Patrick Bamford,7.10,20-21
César Azpilicueta,7.10,20-21
Declan Rice,7.10,20-21
Matheus Pereira,7.10,20-21
Fred,7.10,20-21
Wesley Fofana,7.10,20-21
Vladimir Coufal,7.09,20-21
Pierre-Emile Højbjerg,7.08,20-21
Mateo Kovacic,7.07,20-21
Reece James,7.07,20-21
Kurt Zouma,7.06,20-21
Harvey Barnes,7.06,20-21
Oleksandr Zinchenko,7.06,20-21
Harry Maguire,7.06,20-21
Yves Bissouma,7.06,20-21
Pascal Gross,7.06,20-21
Serge Aurier,7.06,20-21
Lucas Digne,7.06,20-21
Emile Smith Rowe,7.04,20-21
Daniel Ceballos,7.04,20-21
Ruben Neves,7.03,20-21
Ollie Watkins,7.03,20-21
Kalvin Phillips,7.02,20-21
Thomas Partey,7.02,20-21
Fabinho,7.02,20-21
Jordan Henderson,7.02,20-21
Kyle Walker,7.01,20-21
Bertrand Traoré,7.01,20-21
Ruben Dias,7.01,20-21
Kelechi Iheanacho,7.01,20-21
Jack Harrison,7.00,20-21
Jonjo Shelvey,7.00,20-21
Adama Traoré,7.00,20-21
N'Golo Kanté,7.00,20-21
John McGinn,6.99,20-21
Allan Saint-Maximin,6.99,20-21
Richarlison,6.98,20-21
Stuart Dallas,6.98,20-21
Solly March,6.98,20-21
Oriol Romeu,6.97,20-21
Matt Targett,6.97,20-21
Timo Werner,6.97,20-21
Christian Benteke,6.97,20-21
Aaron Cresswell,6.97,20-21
Abdoulaye Doucouré,6.96,20-21
Pablo Fornals,6.96,20-21
Stuart Armstrong,6.95,20-21
Andre-Frank Zambo Anguissa,6.95,20-21
Timothy Castagne,6.95,20-21
Wilfried Zaha,6.94,20-21
Luke Ayling,6.94,20-21
Jonny Evans,6.93,20-21
Emiliano Martinez,6.93,20-21
Joao Moutinho,6.93,20-21
Ashley Westwood,6.93,20-21
Thiago Silva,6.93,20-21
Tanguy Ndombélé,6.92,20-21
Anwar El-Ghazi,6.92,20-21
Eberechi Eze,6.92,20-21
Romain Saiss,6.91,20-21
Bukayo Saka,6.90,20-21
Joel Veltman,6.90,20-21
Danny Ings,6.90,20-21
Hakim Ziyech,6.90,20-21
Nélson Semedo,6.90,20-21
Pierre-Emerick Aubameyang,6.90,20-21
Georginio Wijnaldum,6.89,20-21
Allan,6.89,20-21
Callum Wilson,6.89,20-21
Alexandre Lacazette,6.88,20-21
Antonee Robinson,6.88,20-21
Joseph Willock,6.88,20-21
Ademola Lookman,6.88,20-21
Jannik Vestergaard,6.87,20-21
Granit Xhaka,6.87,20-21
Nick Pope,6.86,20-21
Andros Townsend,6.86,20-21
Dwight McNeil,6.86,20-21
Josh Brownhill,6.86,20-21
Christian Pulisic,6.85,20-21
James Tarkowski,6.85,20-21
Kyle Walker-Peters,6.85,20-21
Yerry Mina,6.85,20-21
Seamus Coleman,6.85,20-21
Willy Boly,6.85,20-21
Édinson Cavani,6.84,20-21
Gylfi Sigurdsson,6.84,20-21
Liam Cooper,6.84,20-21
Victor Nilsson Lindelöf,6.84,20-21
Adam Webster,6.84,20-21
Hector Bellerin,6.83,20-21
Miguel Almiron,6.83,20-21
Anthony Martial,6.83,20-21
Caglar Söyüncü,6.82,20-21
Toby Alderweireld,6.82,20-21
Tyrone Mings,6.82,20-21
Mason Greenwood,6.82,20-21
Leandro Trossard,6.82,20-21
Matty Cash,6.81,20-21
Joachim Andersen,6.81,20-21
Gabriel,6.81,20-21
Michael Keane,6.81,20-21
Nicolas Pépé,6.81,20-21
Callum Hudson-Odoi,6.80,20-21
Rodrigo,6.80,20-21
Ferran Torres,6.79,20-21
Marc Albrighton,6.79,20-21
Lewis Dunk,6.79,20-21
Ross Barkley,6.78,20-21
Willian,6.78,20-21
Sergio Reguilon,6.77,20-21
Conor Townsend,6.77,20-21
Rob Holding,6.77,20-21
Jarrod Bowen,6.76,20-21
Kieran Tierney,6.76,20-21
Daniel Podence,6.75,20-21
Ben Godfrey,6.75,20-21
Matthew Lowton,6.75,20-21
Ezgjan Alioski,6.74,20-21
Tammy Abraham,6.74,20-21
Ola Aina,6.74,20-21
Ederson Moraes,6.74,20-21
Che Adams,6.73,20-21
Kai Havertz,6.73,20-21
Craig Dawson,6.72,20-21
Angelo Ogbonna,6.72,20-21
Ben Mee,6.72,20-21
Said Benrahma,6.72,20-21
Kenny Tete,6.71,20-21
Eric Dier,6.71,20-21
Trezeguet,6.71,20-21
Tyrick Mitchell,6.71,20-21
Pascal Struijk,6.70,20-21
Tom Davies,6.70,20-21
Luka Milivojevic,6.70,20-21
Danny Welbeck,6.70,20-21
Mateusz Klich,6.69,20-21
Conor Gallagher,6.69,20-21
Tosin Adarabioyo,6.69,20-21
Douglas Luiz,6.69,20-21
Daniel Burn,6.69,20-21
Rayan Ait Nouri,6.68,20-21
Leander Dendoncker,6.68,20-21
David McGoldrick,6.68,20-21
Harrison Reed,6.67,20-21
Lucas Moura,6.66,20-21
Charlie Taylor,6.66,20-21
Mason Holgate,6.66,20-21
Ezri Konsa,6.66,20-21
Oliver Norwood,6.66,20-21
Steven Bergwijn,6.65,20-21
Jacob Murphy,6.65,20-21
Ethan Ampadu,6.65,20-21
Joelinton,6.64,20-21
Jordan Pickford,6.64,20-21
Nathan Redmond,6.64,20-21
John Fleck,6.64,20-21
Alisson Becker,6.64,20-21
Chris Wood,6.64,20-21
Mohamed Elneny,6.63,20-21
Mario Lemina,6.63,20-21
James Milner,6.63,20-21
Alex Iwobi,6.63,20-21
Edouard Mendy,6.63,20-21
Isaac Hayden,6.63,20-21
Curtis Jones,6.62,20-21
Ainsley Maitland-Niles,6.60,20-21
Sean Longstaff,6.60,20-21
Bobby Reid,6.60,20-21
Ben White,6.59,20-21
Theo Walcott,6.59,20-21
Illan Meslier,6.58,20-21
Chris Basham,6.58,20-21
Adam Lallana,6.58,20-21
Conor Coady,6.57,20-21
Kyle Bartley,6.57,20-21
Neal Maupay,6.57,20-21
Hugo Lloris,6.56,20-21
Jeffrey Schlupp,6.56,20-21
Aleksandar Mitrovic,6.55,20-21
Tyler Roberts,6.55,20-21
Nampalys Mendy,6.55,20-21
Jan Bednarek,6.53,20-21
Johann Berg Gudmundsson,6.53,20-21
Federico Fernández,6.53,20-21
Jairo Riedewald,6.52,20-21
Cheikhou Kouyaté,6.52,20-21
Ben Osborn,6.52,20-21
Ivan Cavaleiro,6.52,20-21
Ayoze Pérez,6.51,20-21
Moussa Sissoko,6.50,20-21
Robert Sánchez,6.49,20-21
André Gomes,6.49,20-21
Sam Johnstone,6.49,20-21
Patrick van Aanholt,6.48,20-21
Ciaran Clark,6.47,20-21
Karl Darlow,6.47,20-21
Joel Ward,6.46,20-21
Alphonse Areola,6.46,20-21
Robert Brady,6.46,20-21
Ruben Loftus-Cheek,6.46,20-21
Lukasz Fabianski,6.45,20-21
Ashley Barnes,6.44,20-21
Alexis Mac Allister,6.44,20-21
George Baldock,6.43,20-21
Moussa Djenepo,6.43,20-21
Callum Robinson,6.42,20-21
Jamaal Lascelles,6.42,20-21
John Egan,6.42,20-21
Erik Lamela,6.40,20-21
Aaron Ramsdale,6.40,20-21
Oliver McBurnie,6.39,20-21
Darnell Furlong,6.39,20-21
Jordan Ayew,6.38,20-21
Bernd Leno,6.38,20-21
Enda Stevens,6.38,20-21
Matthew Phillips,6.37,20-21
Gary Cahill,6.37,20-21
Ryan Bertrand,6.37,20-21
Fabio Silva,6.37,20-21
David De Gea,6.37,20-21
Matej Vydra,6.34,20-21
John Lundstram,6.34,20-21
Dara O'Shea,6.33,20-21
Kasper Schmeichel,6.32,20-21
Jeff Hendrick,6.31,20-21
Grady Diangana,6.26,20-21
Alex McCarthy,6.26,20-21
Jay Rodriguez,6.25,20-21
Jamal Lewis,6.23,20-21
Rui Patricio,6.22,20-21
Semi Ajayi,6.14,20-21
Vicente Guaita,6.12,20-21
Romaine Sawyers,6.08,20-21
Oliver Burke,6.07,20-21
Rhian Brewster,6.00,20-21
Rodri,7.95,21-22
Trent Alexander-Arnold,7.94,21-22
Kevin De Bruyne,7.91,21-22
Heung-Min Son,7.81,21-22
Joao Cancelo,7.80,21-22
Mohamed Salah,7.74,21-22
Andrew Robertson,7.71,21-22
Bernardo Silva,7.66,21-22
Ilkay Gündogan,7.66,21-22
Joel Matip,7.61,21-22
Pierre-Emile Højbjerg,7.59,21-22
Jack Grealish,7.56,21-22
Bruno Fernandes,7.51,21-22
Thiago Alcántara,7.50,21-22
Reece James,7.50,21-22
Harry Kane,7.49,21-22
Jorginho,7.49,21-22
Virgil van Dijk,7.48,21-22
Mason Mount,7.48,21-22
Declan Rice,7.48,21-22
Sadio Mané,7.47,21-22
James Ward-Prowse,7.47,21-22
Gabriel Jesus,7.45,21-22
Christian Nørgaard,7.44,21-22
John McGinn,7.44,21-22
Jordan Henderson,7.43,21-22
Raheem Sterling,7.42,21-22
Marc Cucurella,7.42,21-22
Phil Foden,7.41,21-22
Thiago Silva,7.41,21-22
Marcos Alonso,7.41,21-22
Trevoh Chalobah,7.40,21-22
Fabinho,7.40,21-22
Diogo Dalot,7.40,21-22
Aymeric Laporte,7.39,21-22
N'Golo Kanté,7.38,21-22
Ruben Neves,7.38,21-22
Cristiano Ronaldo,7.37,21-22
Riyad Mahrez,7.37,21-22
Bukayo Saka,7.35,21-22
Raphinha,7.34,21-22
Oriol Romeu,7.34,21-22
Thomas Partey,7.33,21-22
Yves Bissouma,7.32,21-22
Ivan Toney,7.32,21-22
Rayan Ait Nouri,7.32,21-22
Jarrod Bowen,7.31,21-22
Antonio Rüdiger,7.31,21-22
Youri Tielemans,7.30,21-22
Ruben Dias,7.30,21-22
Cristian Romero,7.28,21-22
Fred,7.26,21-22
Mateo Kovacic,7.25,21-22
Nélson Semedo,7.25,21-22
Kyle Walker,7.25,21-22
Andreas Christensen,7.24,21-22
James McArthur,7.24,21-22
Sergio Reguilon,7.24,21-22
Conor Gallagher,7.24,21-22
Diogo Jota,7.23,21-22
James Maddison,7.23,21-22
Max Kilman,7.22,21-22
Martin Ødegaard,7.22,21-22
Wilfred Ndidi,7.22,21-22
Abdoulaye Doucouré,7.20,21-22
Romain Saiss,7.19,21-22
Hakim Ziyech,7.19,21-22
Said Benrahma,7.19,21-22
Josh Brownhill,7.19,21-22
Paul Pogba,7.18,21-22
Dwight McNeil,7.18,21-22
Naby Keita,7.17,21-22
Alexis Mac Allister,7.17,21-22
César Azpilicueta,7.17,21-22
Joao Moutinho,7.16,21-22
Emerson Royal,7.16,21-22
Davinson Sánchez,7.15,21-22
Manuel Lanzini,7.15,21-22
Alex Telles,7.14,21-22
Hassane Kamara,7.14,21-22
Allan Saint-Maximin,7.13,21-22
Gabriel,7.13,21-22
Pascal Gross,7.13,21-22
Kieran Tierney,7.11,21-22
Nathan Collins,7.11,21-22
Pablo Fornals,7.11,21-22
Douglas Luiz,7.11,21-22
Jonjo Shelvey,7.10,21-22
Joel Veltman,7.10,21-22
Ben Mee,7.10,21-22
Aaron Cresswell,7.10,21-22
Ruben Loftus-Cheek,7.09,21-22
Philippe Coutinho,7.09,21-22
Leandro Trossard,7.09,21-22
Valentino Livramento,7.09,21-22
Kiernan Dewsbury-Hall,7.09,21-22
Gabriel Martinelli,7.09,21-22
Tyrick Mitchell,7.09,21-22
Raphaël Varane,7.08,21-22
Aaron Wan-Bissaka,7.07,21-22
Wilfried Zaha,7.07,21-22
Granit Xhaka,7.07,21-22
Jamie Vardy,7.07,21-22
Liam Cooper,7.05,21-22
Vitaly Janelt,7.05,21-22
Kai Havertz,7.05,21-22
Ethan Pinnock,7.04,21-22
Takehiro Tomiyasu,7.04,21-22
James Tarkowski,7.04,21-22
Scott McTominay,7.04,21-22
Lucas Moura,7.04,21-22
Marc Guehi,7.04,21-22
Kalvin Phillips,7.04,21-22
Matty Cash,7.04,21-22
Tomas Soucek,7.03,21-22
Jadon Sancho,7.03,21-22
Emile Smith Rowe,7.03,21-22
Daniel Burn,7.02,21-22
Lucas Digne,7.02,21-22
Andros Townsend,7.02,21-22
Richarlison,7.01,21-22
Ben White,7.01,21-22
Charlie Taylor,7.01,21-22
Adam Webster,7.01,21-22
Matt Targett,7.00,21-22
Jacob Ramsey,7.00,21-22
Alisson Becker,7.00,21-22
Mohammed Salisu,6.99,21-22
Cheikhou Kouyaté,6.99,21-22
Adama Traoré,6.99,21-22
Joelinton,6.98,21-22
Fabian Schär,6.98,21-22
Ben Davies,6.98,21-22
Kyle Walker-Peters,6.98,21-22
Tyrone Mings,6.98,21-22
Stuart Dallas,6.98,21-22
Daniel Podence,6.98,21-22
Matthew Lowton,6.97,21-22
Harvey Barnes,6.97,21-22
Moussa Sissoko,6.96,21-22
Connor Roberts,6.95,21-22
Christian Pulisic,6.95,21-22
Romelu Lukaku,6.95,21-22
Caglar Söyüncü,6.95,21-22
Michael Olise,6.95,21-22
Nemanja Matic,6.95,21-22
Lewis Dunk,6.95,21-22
Kristoffer Ajer,6.95,21-22
Joel Ward,6.94,21-22
Michail Antonio,6.94,21-22
Adam Lallana,6.94,21-22
Alex Iwobi,6.94,21-22
Emiliano Buendia,6.94,21-22
Timothy Castagne,6.94,21-22
Demarai Gray,6.93,21-22
Trincao,6.93,21-22
Juraj Kucka,6.93,21-22
Ollie Watkins,6.93,21-22
Jan Bednarek,6.93,21-22
Eric Dier,6.92,21-22
José Sá,6.92,21-22
Diego Llorente,6.91,21-22
Nathan Redmond,6.91,21-22
Luke Shaw,6.91,21-22
Emil Krafth,6.91,21-22
Joachim Andersen,6.91,21-22
Allan,6.90,21-22
Luke Thomas,6.90,21-22
Anthony Gordon,6.88,21-22
Alexandre Lacazette,6.88,21-22
Vladimir Coufal,6.88,21-22
Leander Dendoncker,6.87,21-22
Imran Louza,6.87,21-22
Ashley Westwood,6.87,21-22
Nick Pope,6.87,21-22
David Raya,6.87,21-22
Pontus Jansson,6.86,21-22
Brandon Williams,6.86,21-22
Jeffrey Schlupp,6.86,21-22
Che Adams,6.85,21-22
Bryan Mbeumo,6.85,21-22
Harry Maguire,6.85,21-22
Emmanuel Dennis,6.85,21-22
Joseph Willock,6.85,21-22
Conor Coady,6.85,21-22
Hugo Lloris,6.84,21-22
Rico Henry,6.84,21-22
Stuart Armstrong,6.82,21-22
Jack Harrison,6.82,21-22
Sergi Canos,6.82,21-22
Anthony Elanga,6.81,21-22
Pierre Lees-Melou,6.81,21-22
Rodrigo,6.81,21-22
Jakub Moder,6.80,21-22
Mohamed Elyounoussi,6.80,21-22
Danny Ings,6.80,21-22
Ismaila Sarr,6.79,21-22
Tariq Lamptey,6.78,21-22
Ashley Young,6.78,21-22
Odsonne Edouard,6.78,21-22
Craig Dawson,6.78,21-22
Kurt Zouma,6.78,21-22
Solly March,6.77,21-22
Raul Jiménez,6.77,21-22
Cédric Soares,6.77,21-22
Christian Benteke,6.77,21-22
Danny Welbeck,6.77,21-22
Seamus Coleman,6.76,21-22
Ademola Lookman,6.76,21-22
Maxwel Cornet,6.75,21-22
Jordan Ayew,6.75,21-22
Billy Gilmour,6.75,21-22
Miguel Almiron,6.75,21-22
Hee-Chan Hwang,6.74,21-22
Daniel Amartey,6.73,21-22
Edouard Mendy,6.73,21-22
Mathias Normann,6.72,21-22
Sean Longstaff,6.72,21-22
Kiko,6.72,21-22
Aaron Ramsdale,6.71,21-22
Ederson Moraes,6.71,21-22
Michael Keane,6.71,21-22
Jacob Murphy,6.71,21-22
Mateusz Klich,6.70,21-22
Romain Perraud,6.70,21-22
Joshua King,6.68,21-22
Luke Ayling,6.68,21-22
Kelechi Iheanacho,6.68,21-22
Victor Nilsson Lindelöf,6.67,21-22
Timo Werner,6.67,21-22
Daniel James,6.66,21-22
Mason Holgate,6.65,21-22
Ryan Fraser,6.65,21-22
Yoane Wissa,6.65,21-22
Mathias Jensen,6.65,21-22
Junior Firpo,6.65,21-22
Kenny McLean,6.64,21-22
Vicente Guaita,6.63,21-22
Wout Weghorst,6.63,21-22
Joao Pedro,6.61,21-22
Neal Maupay,6.60,21-22
Jean-Philippe Mateta,6.60,21-22
Jack Cork,6.60,21-22
Grant Hanley,6.60,21-22
Teemu Pukki,6.60,21-22
Juan Hernández,6.59,21-22
Ezri Konsa,6.59,21-22
Patson Daka,6.58,21-22
Robert Sánchez,6.58,21-22
Adam Forshaw,6.57,21-22
Ben Godfrey,6.57,21-22
Chris Wood,6.57,21-22
Max Aarons,6.57,21-22
Milot Rashica,6.57,21-22
Martin Dubravka,6.56,21-22
Fraser Forster,6.56,21-22
Emiliano Martinez,6.55,21-22
Dele Alli,6.55,21-22
Frank Onyeka,6.55,21-22
Adam Armstrong,6.55,21-22
Pascal Struijk,6.54,21-22
Lukasz Fabianski,6.52,21-22
Jamaal Lascelles,6.50,21-22
Samir,6.50,21-22
Aaron Lennon,6.50,21-22
Marcus Rashford,6.49,21-22
Kasper Schmeichel,6.49,21-22
Tyler Roberts,6.49,21-22
Armando Broja,6.49,21-22
Jay Rodriguez,6.48,21-22
Joshua Sargent,6.47,21-22
Jordan Pickford,6.47,21-22
Tom Cleverley,6.46,21-22
Mads Roerslev,6.45,21-22
David De Gea,6.44,21-22
Ben Gibson,6.39,21-22
Craig Cathcart,6.36,21-22
Robin Koch,6.33,21-22
Illan Meslier,6.32,21-22
Ben Foster,6.03,21-22
Tim Krul,5.98,21-22
Bruno Fernandes,7.80,22-23
Erling Haaland,7.76,22-23
Rodri,7.74,22-23
Kevin De Bruyne,7.74,22-23
Kieran Trippier,7.74,22-23
Bukayo Saka,7.68,22-23
Martin Ødegaard,7.65,22-23
Harry Kane,7.64,22-23
Thomas Partey,7.61,22-23
Bruno Guimaraes,7.61,22-23
Jack Grealish,7.59,22-23
Solly March,7.54,22-23
Alexis Mac Allister,7.50,22-23
Pierre-Emile Højbjerg,7.50,22-23
Ilkay Gündogan,7.49,22-23
James Maddison,7.49,22-23
Mohamed Salah,7.46,22-23
Trent Alexander-Arnold,7.45,22-23
Joelinton,7.44,22-23
Granit Xhaka,7.43,22-23
Casemiro,7.42,22-23
Gabriel Martinelli,7.42,22-23
Gabriel Jesus,7.42,22-23
Declan Rice,7.40,22-23
Ivan Toney,7.39,22-23
Phil Foden,7.35,22-23
Fabian Schär,7.35,22-23
Marcus Rashford,7.35,22-23
Ruben Neves,7.34,22-23
Kaoru Mitoma,7.32,22-23
Christian Nørgaard,7.32,22-23
Diogo Dalot,7.32,22-23
Moisés Caicedo,7.32,22-23
Douglas Luiz,7.31,22-23
Willian,7.31,22-23
Riyad Mahrez,7.30,22-23
Pascal Gross,7.29,22-23
Eberechi Eze,7.27,22-23
Oleksandr Zinchenko,7.27,22-23
Alex Iwobi,7.27,22-23
Miguel Almiron,7.26,22-23
Kenny Tete,7.26,22-23
Jadon Sancho,7.26,22-23
William Saliba,7.25,22-23
Michael Olise,7.25,22-23
Thiago Silva,7.23,22-23
Youri Tielemans,7.23,22-23
James Ward-Prowse,7.22,22-23
Lucas Paquetá,7.22,22-23
Luke Shaw,7.21,22-23
Antony,7.21,22-23
Jorginho,7.20,22-23
Virgil van Dijk,7.19,22-23
Joao Palhinha,7.19,22-23
Ruben Dias,7.19,22-23
Emiliano Martinez,7.19,22-23
Kalidou Koulibaly,7.18,22-23
Nathan Aké,7.17,22-23
David Raya,7.17,22-23
Ben Mee,7.17,22-23
Ethan Pinnock,7.16,22-23
Roberto Firmino,7.16,22-23
Gabriel,7.16,22-23
Heung-Min Son,7.16,22-23
Andrew Robertson,7.16,22-23
Ben White,7.16,22-23
Mathias Jensen,7.15,22-23
Tyler Adams,7.15,22-23
Jacob Ramsey,7.14,22-23
Bernardo Silva,7.13,22-23
John Stones,7.13,22-23
Marcus Tavernier,7.13,22-23
Idrissa Gana Gueye,7.13,22-23
Leandro Trossard,7.13,22-23
Dwight McNeil,7.12,22-23
Bryan Mbeumo,7.12,22-23
Antonee Robinson,7.12,22-23
Cheick Oumar Doucouré,7.12,22-23
Alexander Isak,7.12,22-23
John McGinn,7.12,22-23
Christian Eriksen,7.11,22-23
Ollie Watkins,7.11,22-23
Pervis Estupinán,7.10,22-23
Dejan Kulusevski,7.10,22-23
Lisandro Martinez,7.10,22-23
Cody Gakpo,7.09,22-23
Joachim Andersen,7.09,22-23
Joseph Willock,7.09,22-23
Allan Saint-Maximin,7.08,22-23
Callum Wilson,7.08,22-23
Fabinho,7.07,22-23
Philip Billing,7.07,22-23
Emerson Royal,7.06,22-23
Jefferson Lerma,7.06,22-23
Sven Botman,7.05,22-23
Aleksandar Mitrovic,7.05,22-23
Serge Aurier,7.04,22-23
Manuel Akanji,7.03,22-23
Daniel Burn,7.03,22-23
Diogo Jota,7.03,22-23
Marc Cucurella,7.03,22-23
Bernd Leno,7.02,22-23
Nick Pope,7.02,22-23
Marc Guehi,7.02,22-23
Amadou Onana,7.01,22-23
Kiernan Dewsbury-Hall,7.01,22-23
Ivan Perisic,7.01,22-23
Cristian Romero,7.01,22-23
Alisson Becker,7.01,22-23
Kyle Walker,7.00,22-23
Morgan Gibbs-White,7.00,22-23
Tyrell Malacia,6.99,22-23
Joseph Gomez,6.99,22-23
Tim Ream,6.98,22-23
James Tarkowski,6.98,22-23
Ruben Loftus-Cheek,6.98,22-23
Tyrone Mings,6.98,22-23
Jarrod Bowen,6.97,22-23
Lewis Dunk,6.97,22-23
Darwin Nunez,6.97,22-23
Romeo Lavia,6.97,22-23
Tosin Adarabioyo,6.96,22-23
Abdoulaye Doucouré,6.96,22-23
Álex Moreno,6.95,22-23
Ashley Young,6.95,22-23
Vladimir Coufal,6.95,22-23
Mohammed Salisu,6.95,22-23
Jordan Henderson,6.94,22-23
Raheem Sterling,6.94,22-23
Armel Bella-Kotchap,6.94,22-23
Ben Chilwell,6.93,22-23
Mateo Kovacic,6.93,22-23
Adam Webster,6.92,22-23
Issa Diop,6.92,22-23
Joel Veltman,6.92,22-23
Said Benrahma,6.91,22-23
Mason Mount,6.91,22-23
Rico Henry,6.91,22-23
Kepa Arrizabalaga,6.91,22-23
Wilfried Zaha,6.90,22-23
Vitaly Janelt,6.90,22-23
Kai Havertz,6.90,22-23
Tyrick Mitchell,6.90,22-23
Boubacar Kamara,6.89,22-23
Timothy Castagne,6.89,22-23
Sean Longstaff,6.89,22-23
Raphaël Varane,6.89,22-23
Jack Harrison,6.88,22-23
Jeffrey Schlupp,6.88,22-23
Ezri Konsa,6.87,22-23
Aaron Cresswell,6.87,22-23
Andreas Pereira,6.86,22-23
Matty Cash,6.85,22-23
Anthony Martial,6.85,22-23
Oliver Skipp,6.85,22-23
Neco Williams,6.85,22-23
Harvey Elliott,6.84,22-23
Joel Ward,6.84,22-23
Jordan Ayew,6.84,22-23
Ben Davies,6.83,22-23
Matheus Nunes,6.83,22-23
Danny Welbeck,6.83,22-23
David De Gea,6.83,22-23
Mario Lemina,6.83,22-23
Ryan Christie,6.82,22-23
Julián Álvarez,6.82,22-23
Emiliano Buendia,6.82,22-23
Kurt Zouma,6.82,22-23
Seamus Coleman,6.82,22-23
Tomas Soucek,6.81,22-23
Fred,6.81,22-23
Wout Faes,6.81,22-23
Clément Lenglet,6.80,22-23
Lloyd Kelly,6.80,22-23
Vitalii Mykolenko,6.80,22-23
Harvey Barnes,6.80,22-23
Rodrigo,6.80,22-23
Max Kilman,6.79,22-23
Neto,6.79,22-23
Boubakary Soumaré,6.79,22-23
Renan Lodi,6.78,22-23
Harry Wilson,6.78,22-23
Ryan Yates,6.77,22-23
Aaron Hickey,6.77,22-23
Scott McTominay,6.77,22-23
Pascal Struijk,6.76,22-23
Wilfried Gnonto,6.76,22-23
Craig Dawson,6.76,22-23
Rasmus Kristensen,6.75,22-23
Trevoh Chalobah,6.75,22-23
Eric Dier,6.75,22-23
Aaron Ramsdale,6.75,22-23
Marcos Senesi,6.75,22-23
Joe Worrall,6.75,22-23
Remo Freuler,6.74,22-23
Luke Ayling,6.74,22-23
Harrison Reed,6.74,22-23
Joao Moutinho,6.74,22-23
Lewis Cook,6.73,22-23
Daniel Amartey,6.73,22-23
Yoane Wissa,6.72,22-23
Marc Roca,6.72,22-23
Nélson Semedo,6.72,22-23
Dominic Solanke,6.72,22-23
Pablo Fornals,6.71,22-23
Daniel Podence,6.71,22-23
Demarai Gray,6.71,22-23
Jordan Zemura,6.71,22-23
Rayan Ait Nouri,6.71,22-23
Taiwo Awoniyi,6.70,22-23
César Azpilicueta,6.70,22-23
Crysencio Summerville,6.69,22-23
Brennan Johnson,6.69,22-23
Jordan Pickford,6.69,22-23
Jacob Murphy,6.69,22-23
Bobby Reid,6.69,22-23
Che Adams,6.67,22-23
Thilo Kehrer,6.67,22-23
Conor Gallagher,6.67,22-23
Richarlison,6.67,22-23
Conor Coady,6.67,22-23
Joe Aribo,6.66,22-23
Ainsley Maitland-Niles,6.66,22-23
Vicente Guaita,6.66,22-23
Lukasz Fabianski,6.66,22-23
Danny Ings,6.65,22-23
Jan Bednarek,6.64,22-23
Orel Mangala,6.64,22-23
Kyle Walker-Peters,6.63,22-23
Hugo Lloris,6.62,22-23
Anthony Gordon,6.61,22-23
Mikkel Damsgaard,6.61,22-23
Wilfred Ndidi,6.61,22-23
James Milner,6.60,22-23
Adama Traoré,6.60,22-23
Nathaniel Clyne,6.60,22-23
Robin Koch,6.60,22-23
Edward Nketiah,6.59,22-23
Frank Onyeka,6.58,22-23
Theo Walcott,6.58,22-23
Mohamed Elyounoussi,6.57,22-23
Nathan Collins,6.57,22-23
Joshua Dasilva,6.56,22-23
Lucas Digne,6.56,22-23
José Sá,6.56,22-23
Leon Bailey,6.55,22-23
Kelechi Iheanacho,6.55,22-23
Hugo Bueno,6.55,22-23
Romain Perraud,6.55,22-23
Ederson Moraes,6.55,22-23
Tom Cairney,6.54,22-23
Brenden Aaronson,6.54,22-23
Stuart Armstrong,6.53,22-23
Will Hughes,6.53,22-23
Kieran Tierney,6.52,22-23
Adam Smith,6.52,22-23
Patson Daka,6.51,22-23
Jaidon Anthony,6.50,22-23
Patrick Bamford,6.50,22-23
Danny Ward,6.48,22-23
Gavin Bazunu,6.48,22-23
Daniel James,6.47,22-23
Weston McKennie,6.47,22-23
Chris Mepham,6.46,22-23
Hee-Chan Hwang,6.45,22-23
Robert Sánchez,6.44,22-23
Odsonne Edouard,6.43,22-23
Christian Pulisic,6.43,22-23
Michail Antonio,6.42,22-23
Scott McKenna,6.41,22-23
Adam Armstrong,6.41,22-23
Shandon Baptiste,6.39,22-23
Illan Meslier,6.39,22-23
Jamie Vardy,6.37,22-23
Kieffer Moore,6.34,22-23
Neal Maupay,6.27,22-23
Jean-Philippe Mateta,6.15,22-23
Diego Costa,6.14,22-23
Rodri,8.12,23-24
Bukayo Saka,7.97,23-24
Phil Foden,7.83,23-24
Bruno Fernandes,7.83,23-24
Cole Palmer,7.78,23-24
Michael Olise,7.71,23-24
Declan Rice,7.66,23-24
Bruno Guimaraes,7.65,23-24
Erling Haaland,7.64,23-24
Mohamed Salah,7.64,23-24
Martin Ødegaard,7.64,23-24
Eberechi Eze,7.60,23-24
James Maddison,7.59,23-24
Bernardo Silva,7.57,23-24
Trent Alexander-Arnold,7.57,23-24
Josko Gvardiol,7.53,23-24
Anthony Gordon,7.51,23-24
Alexis Mac Allister,7.51,23-24
Conor Gallagher,7.50,23-24
Heung-Min Son,7.50,23-24
Andrew Robertson,7.48,23-24
Julián Álvarez,7.47,23-24
Pascal Gross,7.47,23-24
Ollie Watkins,7.40,23-24
Mohammed Kudus,7.39,23-24
Virgil van Dijk,7.39,23-24
Pedro Porro,7.38,23-24
James Ward-Prowse,7.37,23-24
Alexander Isak,7.37,23-24
Kyle Walker,7.36,23-24
Kieran Trippier,7.35,23-24
Cristian Romero,7.32,23-24
Ross Barkley,7.32,23-24
Jérémy Doku,7.32,23-24
Manuel Akanji,7.31,23-24
Lucas Paquetá,7.31,23-24
Luis Diaz,7.31,23-24
Pedro Neto,7.30,23-24
Kai Havertz,7.30,23-24
Matheus Cunha,7.29,23-24
Dominik Szoboszlai,7.28,23-24
Ben White,7.28,23-24
Douglas Luiz,7.28,23-24
Nathan Aké,7.27,23-24
William Saliba,7.27,23-24
Christian Nørgaard,7.26,23-24
Diogo Jota,7.25,23-24
Jarrod Bowen,7.25,23-24
Morgan Gibbs-White,7.24,23-24
Idrissa Gana Gueye,7.24,23-24
Bryan Mbeumo,7.23,23-24
Kaoru Mitoma,7.23,23-24
Gabriel,7.22,23-24
Oleksandr Zinchenko,7.22,23-24
Diogo Dalot,7.20,23-24
Marcos Senesi,7.20,23-24
John McGinn,7.19,23-24
Mario Lemina,7.18,23-24
Harry Maguire,7.18,23-24
Nicolas Jackson,7.18,23-24
Antonee Robinson,7.17,23-24
Alfie Doughty,7.16,23-24
Ibrahima Konaté,7.16,23-24
Casemiro,7.16,23-24
Dwight McNeil,7.16,23-24
Darwin Nunez,7.16,23-24
Jefferson Lerma,7.15,23-24
Joao Palhinha,7.15,23-24
James Garner,7.15,23-24
Leon Bailey,7.14,23-24
Ruben Dias,7.14,23-24
Josh Cullen,7.13,23-24
Malo Gusto,7.13,23-24
James Tarkowski,7.13,23-24
Jarrad Branthwaite,7.12,23-24
Dejan Kulusevski,7.12,23-24
Micky van de Ven,7.12,23-24
Sergio Reguilon,7.12,23-24
Chiedozie Ogbene,7.10,23-24
Levi Colwill,7.10,23-24
Lewis Cook,7.10,23-24
Noni Madueke,7.10,23-24
Gabriel Martinelli,7.09,23-24
Alejandro Garnacho,7.09,23-24
Iyenoma Udogie,7.09,23-24
Mateo Kovacic,7.09,23-24
Simon Adingra,7.09,23-24
Pape Sarr,7.08,23-24
Brennan Johnson,7.08,23-24
Marcus Tavernier,7.08,23-24
Vitaly Janelt,7.08,23-24
Ryan Christie,7.08,23-24
Yoane Wissa,7.07,23-24
Tyrick Mitchell,7.07,23-24
Willy Boly,7.07,23-24
Vitalii Mykolenko,7.06,23-24
Alex Iwobi,7.06,23-24
Yves Bissouma,7.06,23-24
Boubacar Kamara,7.06,23-24
Joao Pedro,7.06,23-24
Dominic Solanke,7.05,23-24
Harvey Elliott,7.05,23-24
Jan Paul van Hecke,7.05,23-24
Moisés Caicedo,7.05,23-24
Callum Hudson-Odoi,7.04,23-24
Amadou Onana,7.04,23-24
Aaron Wan-Bissaka,7.03,23-24
Cody Gakpo,7.03,23-24
Joachim Andersen,7.03,23-24
Hee-Chan Hwang,7.02,23-24
Gustavo Hamer,7.01,23-24
Thiago Silva,7.01,23-24
Abdoulaye Doucouré,7.01,23-24
Leandro Trossard,7.01,23-24
Jordan Ayew,7.00,23-24
Gabriel Jesus,7.00,23-24
Joao Gomes,6.99,23-24
Enzo Fernández,6.99,23-24
Willian,6.99,23-24
Richarlison,6.99,23-24
Joelinton,6.99,23-24
Sean Longstaff,6.98,23-24
Youri Tielemans,6.98,23-24
Joseph Gomez,6.98,23-24
Marcus Rashford,6.98,23-24
Pablo Sarabia,6.98,23-24
Marc Cucurella,6.97,23-24
Raheem Sterling,6.97,23-24
Rayan Ait Nouri,6.97,23-24
Josh Brownhill,6.97,23-24
Wataru Endo,6.96,23-24
Mathias Jensen,6.95,23-24
Kobbie Mainoo,6.95,23-24
Jean-Philippe Mateta,6.95,23-24
Tomas Soucek,6.95,23-24
Emerson,6.94,23-24
Guglielmo Vicario,6.94,23-24
Mykhaylo Mudryk,6.94,23-24
Alphonse Areola,6.94,23-24
Jordan Pickford,6.94,23-24
Nicolás Dominguez,6.93,23-24
Ederson Moraes,6.93,23-24
Nélson Semedo,6.93,23-24
Ethan Pinnock,6.93,23-24
Pau Torres,6.93,23-24
Lewis Dunk,6.91,23-24
Chris Wood,6.91,23-24
Luis Sinisterra,6.91,23-24
Ola Aina,6.91,23-24
Daniel Burn,6.90,23-24
Emiliano Martinez,6.90,23-24
Max Kilman,6.90,23-24
Toti Gomes,6.90,23-24
Andreas Pereira,6.89,23-24
Igor,6.89,23-24
Moussa Diaby,6.89,23-24
Anthony Elanga,6.89,23-24
David Raya,6.88,23-24
Tom Cairney,6.88,23-24
Antoine Semenyo,6.88,23-24
Sander Berge,6.88,23-24
Scott McTominay,6.88,23-24
Craig Dawson,6.87,23-24
Timothy Castagne,6.86,23-24
Andre Onana,6.86,23-24
Wilson Odobert,6.86,23-24
Lucas Digne,6.86,23-24
Jonny Evans,6.85,23-24
Neco Williams,6.85,23-24
Fabian Schär,6.85,23-24
Jack Harrison,6.85,23-24
Ezri Konsa,6.85,23-24
Miguel Almiron,6.84,23-24
Chris Richards,6.84,23-24
Axel Disasi,6.84,23-24
Rodrigo Muniz,6.84,23-24
Antony,6.84,23-24
Rasmus Højlund,6.83,23-24
Takehiro Tomiyasu,6.83,23-24
Edson Álvarez,6.83,23-24
Danilo,6.82,23-24
Vinicius de Souza Costa,6.82,23-24
Ryan Gravenberch,6.81,23-24
Oliver Norwood,6.81,23-24
Harry Wilson,6.80,23-24
Dominic Calvert-Lewin,6.80,23-24
Marc Guehi,6.79,23-24
Dango Ouattara,6.79,23-24
Harvey Barnes,6.79,23-24
Oliver McBurnie,6.79,23-24
Calvin Bassey,6.79,23-24
Murillo,6.78,23-24
Will Hughes,6.78,23-24
Danny Welbeck,6.77,23-24
Carlton Morris,6.77,23-24
Matty Cash,6.77,23-24
Raphaël Varane,6.76,23-24
Billy Gilmour,6.75,23-24
Odsonne Edouard,6.75,23-24
Issa Kaboré,6.74,23-24
Djordje Petrovic,6.73,23-24
Vladimir Coufal,6.73,23-24
José Sá,6.73,23-24
Joel Veltman,6.72,23-24
Valentino Livramento,6.72,23-24
Adam Smith,6.71,23-24
Frank Onyeka,6.71,23-24
Alisson Becker,6.70,23-24
Jeffrey Schlupp,6.70,23-24
Justin Kluivert,6.70,23-24
Reece Burke,6.70,23-24
Kristoffer Vassbakk Ajer,6.69,23-24
Nathan Collins,6.69,23-24
Dara O'Shea,6.68,23-24
Jacob Bruun Larsen,6.68,23-24
Edward Nketiah,6.67,23-24
Raul Jiménez,6.67,23-24
Neto,6.67,23-24
Ashley Young,6.67,23-24
Lloyd Kelly,6.67,23-24
Thomas Doyle,6.67,23-24
Illia Zabarnyi,6.67,23-24
Johann Berg Gudmundsson,6.67,23-24
Mikkel Damsgaard,6.66,23-24
James Trafford,6.66,23-24
Christian Eriksen,6.65,23-24
Alex Scott,6.65,23-24
Philip Billing,6.65,23-24
Ryan Yates,6.64,23-24
Orel Mangala,6.64,23-24
Harry Toffolo,6.63,23-24
Keane Lewis-Potter,6.63,23-24
Lyle Foster,6.63,23-24
James McAtee,6.63,23-24
Sasa Lukic,6.62,23-24
Pierre-Emile Højbjerg,6.62,23-24
Bernd Leno,6.62,23-24
Rodrigo Bentancur,6.62,23-24
Charlie Taylor,6.62,23-24
Facundo Buonanotte,6.62,23-24
Michail Antonio,6.61,23-24
Martin Dubravka,6.61,23-24
Matt Doherty,6.61,23-24
Neal Maupay,6.61,23-24
Joel Ward,6.60,23-24
Harrison Reed,6.60,23-24
Curtis Jones,6.60,23-24
Bobby Reid,6.60,23-24
Zeki Amdouni,6.60,23-24
Elijah Adebayo,6.59,23-24
Jayden Bogle,6.59,23-24
Jordan Clark,6.58,23-24
Amari'i Bell,6.58,23-24
Mads Roerslev,6.58,23-24
Tahith Chong,6.57,23-24
Moussa Niakhaté,6.57,23-24
Mark Flekken,6.56,23-24
Nayef Aguerd,6.56,23-24
Sam Johnstone,6.56,23-24
Carlos Baleba,6.56,23-24
Andros Townsend,6.55,23-24
Milos Kerkez,6.54,23-24
Teden Mengi,6.54,23-24
Kurt Zouma,6.54,23-24
Bart Verbruggen,6.54,23-24
Evan Ferguson,6.52,23-24
Gabriel Osho,6.50,23-24
Cameron Archer,6.49,23-24
Jacob Brown,6.49,23-24
Jean-Ricner Bellegarde,6.48,23-24
Thomas Kaminski,6.47,23-24
Diego Carlos,6.45,23-24
Vitinho,6.44,23-24
Wesley Foderingham,6.44,23-24
Ben Osborn,6.43,23-24
Yegor Yarmolyuk,6.39,23-24
Jack Robinson,6.38,23-24
Beto,6.35,23-24
Andre Brooks,6.33,23-24
Adam Lallana,6.29,23-24
Nicolo Zaniolo,6.26,23-24
Auston Trusty,6.25,23-24
Pelly-Ruddock Mpanzu,6.21,23-24
Anel Ahmedhodzic,6.19,23-24
